episode,total_distance,total_reward,speed_mean,speed_std,center_dev_mean,center_dev_std,reward_mean,reward_std,success
0,7.018889693543315,-2.8144339430388516,12.393177529045888,8.949853004230837,0.44541194431138714,0.5419717753461081,-0.0907881917109307,1.856815437194325,False
1,6.456200104672462,-6.225357508807516,12.84005755084073,9.844389919619658,0.5719018657189777,0.6773681239673446,-0.22233419674312557,1.9226455375626947,False
2,5.809024564456195,-1.9528358243809336,11.000089371974322,8.114452108327113,0.2507761086050793,0.2766884162478117,-0.06733916635796323,1.9226603633832329,False
3,11.852048334432766,2.26432932510917,14.065568772660077,7.492243756710207,0.4330026553784087,0.3635522335595837,0.049224550545851516,1.5232706728591245,False
4,9.017369550652802,-3.4678649982415735,13.411749608547543,7.980526171554293,0.61606319012695,0.6541648401223622,-0.09372608103355604,1.688792108101303,False
5,10.472900515189394,-4.025206923675338,13.03247074811572,7.368719744471358,0.6651795230439168,0.576731849328115,-0.09148197553807585,1.5392965441161965,False
total,59.06417155677142,-18.924931518540884,12.79051893019738,8.291697450818912,0.49705588119745325,0.5150795397618876,-0.08607417680629999,1.7422467772028127,0
