episode,total_distance,total_reward,speed_mean,speed_std,center_dev_mean,center_dev_std,reward_mean,reward_std,success
0,177.26999539113604,223.30488796660262,21.39298647049,3.7284230974181387,0.346056922269308,0.2766783216924942,0.49733828054922635,0.5209430016733045,False
1,158.70705438428558,208.53893025029524,21.66711050007765,3.9886457582571015,0.2668272603728271,0.216651105599795,0.5252869779604414,0.16565410863869445,True
2,92.2117605356034,80.75669466404459,20.937697428532747,4.733514415968499,0.5408711947628332,0.3798157510217362,0.33931384312623775,0.6960643758961013,False
3,316.56306343339384,273.0535317275153,21.50513052686966,3.3707152895106494,0.7146386374386208,0.38075430001758,0.34260167092536425,0.183233344073735,True
4,333.92413854412735,293.3090576258346,21.5637374708097,3.2221754874495843,0.49360220123624965,0.36848023102226496,0.34959363245033925,0.4224405806598711,False
5,24.280176548985764,20.16691795121335,18.10807865968835,7.726133488035403,0.48257337203660594,0.6068616129540508,0.2762591500166212,1.257057384984349,False
total,1286.782220310454,1282.3183568830898,20.862456842744685,4.4616012561065626,0.4740949313527408,0.37154022038465356,0.3883989258380384,0.5408987993210091,0.2857142857142857
