episode,total_distance,total_reward,speed_mean,speed_std,center_dev_mean,center_dev_std,reward_mean,reward_std,success
0,298.264977830695,353.14036043966473,19.009351160896173,3.1601206815367036,1.0915746590435351,0.24438528279374463,0.41594859886886304,0.15037409488233328,True
1,158.35330724040978,194.46733578202344,18.055861402187162,3.127356900624123,1.0885769935544907,0.2606167719355321,0.40940491743583884,0.1523819553897244,True
2,5.664957046508789,-3.401282415805734,10.999230639556007,8.477434918217993,0.21867275043307324,0.21599755357311537,-0.12147437199306192,1.943664678321178,False
3,69.65372824762017,48.951279836967814,19.181267701935987,6.113236617757801,0.9282177476048983,0.36532582504450545,0.24848365399476047,0.759768035963675,False
4,288.6154740441125,349.11597409167047,18.336190258750804,2.5991633166003045,1.1444934638475728,0.23184371619327254,0.4097605329714442,0.3822801425474218,False
5,42.14704420417547,16.84042678374383,18.66394949473668,6.624031570053061,0.8922759099857384,0.4158707866000499,0.13691403889222625,0.9376806696150051,False
total,1006.4827367157753,1118.966443604642,17.37430844301047,5.016890667464998,0.8939685874115514,0.28900665602337,0.24983956169501184,0.721024929453223,0.2857142857142857
