episode,total_distance,total_reward,speed_mean,speed_std,center_dev_mean,center_dev_std,reward_mean,reward_std,success
0,297.62854214478284,586.2662786903517,22.365076240533167,3.1093477416181874,0.09295757269640822,0.10021664023965449,0.8142587204032662,0.16783076223591276,True
1,158.63033093698323,330.50192971987,21.745071782184144,3.8021008704936516,0.06984670301445366,0.07389014827741511,0.8367137461262533,0.17006812758543288,True
2,267.34726824308746,562.6384957694042,21.914940227728348,2.9921092444602966,0.06566566306463566,0.08389740718933617,0.8524825693475822,0.15873807378605728,True
3,314.41263080225326,626.1484522404583,22.177232412564305,3.261937138834845,0.10797889581257239,0.09280667331953234,0.8163604331687853,0.14557431692849768,True
4,380.9834444806911,736.3062507733658,22.076868842562845,2.949095065960314,0.11604139164265201,0.1154740149657677,0.7883364569307986,0.17282227992798402,True
5,176.75018764287233,355.9829314993372,21.584468960900757,3.5680488623099382,0.11173921881708973,0.1004372875287311,0.8035732088021156,0.18516047770184316,True
total,1861.7111382924486,3730.818395141585,21.97727641107893,3.2804398206128718,0.09403824084130195,0.09445369525340615,0.8186208557964667,0.1666990063609546,1.0
