episode,total_distance,total_reward,speed_mean,speed_std,center_dev_mean,center_dev_std,reward_mean,reward_std,success
0,92.05731978686526,132.90735427524905,17.599446309612606,4.045670816803428,0.4303129172827869,0.5541961517423057,0.46963729425883055,0.6939746221125839,False
1,50.91888687643223,88.22938857192622,16.912843843350206,5.157881519473727,0.33902488020315985,0.5285990757152865,0.5412845924658051,0.8738084156701685,False
2,115.65615416225046,217.50562247585907,18.302303719757596,3.7727456770755188,0.23055911382144753,0.38291933244941745,0.6359813522685938,0.6122828915299164,False
3,87.67397952079773,133.98519927899747,18.778822314884415,4.692398088747587,0.35955445746909864,0.5146079091481115,0.5295857679011757,0.725311382868069,False
4,33.04384014150128,51.80318617563229,16.44826805302107,5.183131857567493,0.3135607039576821,0.6502177272554939,0.47525858876726873,1.0514827715996746,False
5,30.6926524839364,31.914271017320907,15.27507587330483,5.033146581730996,0.5223382076932768,0.6535922774364564,0.2927914772231276,1.0387876226343422,False
total,478.3833051337472,765.7358587608157,17.219460018988453,4.647495756899792,0.3658917134045753,0.5473554122911786,0.4907565121474669,0.8326079510691259,0
